route,estimated_words,status,recommendations
/,25,THIN,"Homepage uses components - add FAQ section (150 words), Service details (200 words), Local neighborhoods served (100 words). Target: 500-600 words main content."
/commercial-junk-removal-san-diego/,180,THIN,"Add detailed service types (150 words), Pricing section (100 words), Local business districts (100 words), Why choose us expanded (150 words), FAQs (200 words). Target: 750-850 words."
/hoarding-cleanup-san-diego/,1850,GOOD,"Well-developed content with comprehensive sections. Consider adding local resources section (100 words) and client testimonials (150 words) to reach 2000+ words."
/junk-removal-hillcrest/,140,THIN,"Add neighborhood details (200 words), Service types (150 words), Pricing (100 words), Historic building considerations (150 words), FAQs (200 words). Target: 950-1100 words."
/junk-removal-chula-vista/,220,THIN,"Add more neighborhood coverage (200 words), Bilingual service details (150 words), Service types (150 words), Pricing (100 words), FAQs (200 words). Target: 1000-1200 words."
/junk-removal-el-cajon/,140,THIN,"Add East County coverage (200 words), Service types (150 words), Family-focused messaging (100 words), Pricing (100 words), FAQs (200 words). Target: 950-1100 words."
/piano-removal-san-diego/,140,THIN,"Add piano types and challenges (200 words), Safety procedures (150 words), Service areas (100 words), Pricing (100 words), FAQs (200 words). Target: 850-950 words."
/appliance-removal-san-diego/,1750,GOOD,"Comprehensive content. Consider adding customer testimonials (150 words) and local recycling partners (100 words) to enhance authority."
/hot-tub-removal-san-diego/,140,THIN,"Add hot tub removal process (200 words), Safety procedures (150 words), Types of spas handled (100 words), Pricing (100 words), FAQs (200 words). Target: 850-950 words."
/estate-cleanout-san-diego/,1900,GOOD,"Excellent comprehensive content. Could add client testimonial section (150 words) and legal compliance details (100 words) to reach 2150+ words."
/junk-removal-point-loma/,140,THIN,"Add military family focus (200 words), Coastal property challenges (150 words), Service types (150 words), Pricing (100 words), FAQs (200 words). Target: 950-1100 words."
/construction-debris-removal-san-diego/,1750,GOOD,"Strong content. Consider adding contractor testimonials (150 words) and project case studies (200 words) for enhanced credibility."
/junk-removal-north-park/,140,THIN,"Add arts district focus (200 words), Young professional appeal (150 words), Service types (150 words), Pricing (100 words), FAQs (200 words). Target: 950-1100 words."
/same-day-junk-removal-san-diego/,750,MODERATE,"Add more emergency scenarios (150 words), Response time guarantees (100 words), Service coverage map (100 words), Pricing for rush service (100 words). Target: 1100-1200 words."
/furniture-removal-san-diego/,1400,GOOD,"Well-developed content. Consider adding donation partners (100 words) and before/after scenarios (150 words) to reach 1650+ words."
/junk-removal-la-jolla/,1550,GOOD,"Strong content with local focus. Could add luxury service standards section (150 words) and high-end property considerations (100 words) to reach 1800+ words."
/junk-removal-pacific-beach/,1650,GOOD,"Excellent local coverage with FAQs and detailed pricing. Consider adding seasonal service variations (150 words) to reach 1800+ words."